IP,Browser,Operating System,Date Time,Country
205.238.81.5,Chrome,Windows,05/Sep/2023:02:41:11 ,SA
205.238.81.5,Chrome,Linux,18/Jan/2023:11:41:11 ,SA
215.255.146.104,Chrome,Windows,15/Jan/2023:13:41:11 ,US
70.3.232.103,Chrome,Windows,15/Jan/2023:04:41:11 ,US
180.140.191.211,Opera,Windows,01/Jan/2023:15:41:11 ,CN
45.96.118.188,Chrome,Linux,07/Jul/2023:03:41:11 ,EG
9.68.74.167,Chrome,Mac OS,25/Jul/2023:04:41:11 ,US
132.174.63.2,Chrome,Mac OS,29/Jul/2023:12:41:11 ,US
151.91.231.202,Opera,Linux,26/Jul/2023:13:41:11 ,IT
39.143.107.33,Chrome,Mac OS,19/Jan/2023:18:41:11 ,CN
18.181.224.135,Chrome,Linux,11/Jan/2023:22:41:11 ,JP
34.194.106.120,Chrome,Windows,25/Jul/2023:22:41:11 ,US
70.142.17.192,Chrome,Linux,16/Jul/2023:21:41:11 ,US
70.142.17.192,Chrome,Mac OS,31/Jul/2023:10:41:11 ,US
70.142.17.192,Chrome,Mac OS,28/Jan/2023:08:41:11 ,US
178.163.102.169,Chrome,Other,16/Jul/2023:11:41:11 ,RU
70.142.17.192,Chrome,Mac OS,20/Jan/2023:09:41:11 ,US
159.196.90.132,Chrome,Mac OS,16/Jan/2023:05:41:11 ,AU
138.100.65.68,Opera,Linux,04/Jan/2023:01:41:11 ,ES
66.242.4.81,Chrome,Windows,25/Sep/2023:14:41:11 ,US
70.142.17.192,Opera,Linux,23/Jan/2023:15:41:11 ,US
59.174.235.164,Opera,Windows,18/Jan/2023:22:41:11 ,CN
166.251.54.144,Chrome,Other,12/Jan/2023:08:41:11 ,US
91.144.166.252,Opera,Windows,04/Jan/2023:08:41:11 ,RU
207.128.160.58,Chrome,Windows,25/Jan/2023:04:41:11 ,US
70.142.17.192,Chrome,Windows,07/Jan/2023:16:41:11 ,US
149.95.248.238,Chrome,Windows,17/Sep/2023:04:41:11 ,US
11.114.1.114,Chrome,Mac OS,29/Sep/2023:08:41:11 ,US
140.41.18.225,Chrome,Mac OS,07/Jul/2023:01:41:11 ,US
70.142.17.192,Chrome,Linux,25/Jul/2023:05:41:11 ,US
205.16.28.18,Chrome,Windows,20/Jul/2023:06:41:11 ,US
103.100.214.27,Chrome,Windows,22/Sep/2023:09:41:11 ,IN
70.142.17.192,Chrome,Windows,28/Jul/2023:04:41:11 ,US
90.170.147.148,Chrome,Windows,06/Jan/2023:04:41:11 ,ES
70.142.17.192,Chrome,Windows,28/Jan/2023:08:41:11 ,US
23.248.13.78,Chrome,Mac OS,22/Jan/2023:17:41:11 ,CA
199.72.253.210,Chrome,Mac OS,24/Sep/2023:04:41:11 ,US
201.164.254.194,Chrome,Windows,07/Jan/2023:13:41:11 ,MX
213.248.7.13,Opera,Linux,18/Sep/2023:05:41:11 ,RU
70.142.17.192,Chrome,Windows,01/Jan/2024:00:41:11 ,US
82.158.90.188,Chrome,Windows,21/Jan/2023:08:41:11 ,ES
222.12.169.222,Chrome,Windows,01/Jan/2023:08:41:11 ,JP
32.141.74.99,Chrome,Mac OS,19/Sep/2023:01:41:11 ,US
159.57.12.64,Opera,Windows,24/Jan/2023:03:41:11 ,US
121.55.248.0,Opera,Linux,27/Sep/2023:23:41:11 ,GU
182.85.28.169,Chrome,Mac OS,12/Jan/2023:12:41:11 ,CN
44.66.106.69,Chrome,Windows,12/Jul/2023:21:41:11 ,US
186.38.207.139,Chrome,Mac OS,31/Jan/2023:02:41:11 ,AR
16.71.217.142,Chrome,Mac OS,12/Sep/2023:09:41:11 ,US
207.222.38.182,Chrome,Linux,09/Jan/2023:07:41:11 ,US
22.20.151.2,Chrome,Windows,11/Jul/2023:02:41:11 ,US
104.75.190.32,Chrome,Windows,18/Jul/2023:10:41:11 ,US
2.31.199.15,Chrome,Other,15/Jul/2023:03:41:11 ,GB
142.91.50.177,Brave,Windows,13/Jul/2023:21:41:11 ,US
80.198.80.209,Brave,Windows,10/Jan/2023:05:41:11 ,DK
173.9.188.219,Brave,Mac OS,20/Jan/2023:09:41:11 ,US
158.196.236.154,Brave,Windows,13/Jan/2023:00:41:11 ,CZ
54.26.6.173,Brave,Linux,04/Jul/2023:13:41:11 ,ES
62.237.192.89,Brave,Windows,08/Jan/2023:07:41:11 ,FI
70.142.17.192,Brave,Mac OS,25/Jan/2023:02:41:11 ,US
70.142.17.192,Brave,Windows,07/Jan/2023:03:41:11 ,US
70.142.17.192,Brave,Windows,03/Jan/2023:23:41:11 ,US
70.142.17.192,Brave,Mac OS,03/Jul/2023:10:41:11 ,US
144.213.195.160,Brave,Windows,04/Sep/2023:18:41:11 ,JP
41.247.84.4,Opera,Windows,11/Jan/2023:19:41:11 ,ZA
70.142.17.192,Brave,Linux,20/Jan/2023:11:41:11 ,US
50.201.129.198,Opera,Linux,19/Jul/2023:23:41:11 ,US
88.68.191.22,Brave,Mac OS,08/Jan/2023:13:41:11 ,DE
104.185.164.8,Opera,Linux,26/Jan/2023:09:41:11 ,US
70.142.17.192,Brave,Windows,09/Jan/2023:03:41:11 ,US
96.253.44.177,Brave,Mac OS,18/Jul/2023:02:41:11 ,US
3.230.56.178,Brave,Windows,16/Jan/2023:08:41:11 ,US
70.142.17.192,Brave,Linux,27/Jan/2023:00:41:11 ,US
67.14.233.119,Opera,Linux,23/Jan/2023:00:41:11 ,US
67.14.233.119,Brave,Windows,16/Jan/2023:23:41:11 ,US
67.14.233.119,Brave,Mac OS,27/Jan/2023:18:41:11 ,US
67.14.233.119,Brave,Mac OS,22/Sep/2023:11:41:11 ,US
91.79.206.135,Brave,Mac OS,08/Jan/2023:07:41:11 ,RU
214.74.209.140,Brave,Windows,21/Jan/2023:21:41:11 ,US
152.55.82.38,Opera,Linux,01/Jan/2023:03:41:11 ,US
199.89.34.86,Opera,Linux,15/Jul/2023:17:41:11 ,US
199.89.34.86,Opera,Windows,18/Jul/2023:21:41:11 ,US
67.90.149.211,Brave,Mac OS,08/Sep/2023:04:41:11 ,US
67.90.149.211,Opera,Linux,14/Jan/2023:22:41:11 ,US
67.14.233.119,Opera,Windows,06/Jan/2023:20:41:11 ,US
138.121.124.150,Brave,Mac OS,12/Jan/2023:11:41:11 ,AR
24.32.233.138,Brave,Windows,05/Jul/2023:17:41:11 ,US
67.14.233.119,Brave,Mac OS,23/Sep/2023:07:41:11 ,US
67.14.233.119,Brave,Windows,20/Sep/2023:15:41:11 ,US
121.37.41.71,Brave,Windows,28/Sep/2023:19:41:11 ,CN
121.37.41.71,Brave,Mac OS,11/Jan/2023:07:41:11 ,CN
67.14.233.119,Brave,Windows,06/Jan/2023:13:41:11 ,US
67.14.233.119,Brave,Windows,28/Sep/2023:15:41:11 ,US
101.243.9.163,Brave,Mac OS,24/Jan/2023:19:41:11 ,CN
83.30.172.217,Brave,Mac OS,27/Sep/2023:00:41:11 ,PL
121.37.41.71,Brave,Mac OS,07/Jan/2023:18:41:11 ,CN
123.243.225.101,Brave,Windows,06/Jan/2023:19:41:11 ,AU
121.37.41.71,Brave,Windows,14/Jul/2023:01:41:11 ,CN
147.67.6.182,Brave,Linux,24/Jan/2023:05:41:11 ,LU
140.140.237.25,Brave,Windows,16/Jan/2023:13:41:11 ,US
22.154.144.93,Brave,Mac OS,29/Jan/2023:14:41:11 ,US
147.67.6.182,Opera,Windows,15/Jul/2023:22:41:11 ,LU
147.67.6.182,Brave,Windows,11/Jul/2023:15:41:11 ,LU
147.67.6.182,Opera,Linux,02/Jan/2023:23:41:11 ,LU
176.202.224.80,Opera,Windows,18/Sep/2023:01:41:11 ,QA
180.250.107.124,Brave,Windows,17/Jul/2023:03:41:11 ,ID
37.58.212.142,Chrome,Mac OS,09/Jan/2023:03:41:11 ,FR
176.189.255.228,Chrome,Mac OS,16/Jan/2023:06:41:11 ,FR
205.238.81.5,Chrome,Windows,05/Sep/2023:02:41:11 ,SA
205.238.81.5,Chrome,Linux,18/Jan/2023:11:41:11 ,SA
215.255.146.104,Chrome,Windows,15/Jan/2023:13:41:11 ,US
70.3.232.103,Chrome,Windows,15/Jan/2023:04:41:11 ,US
180.140.191.211,Opera,Windows,01/Jan/2023:15:41:11 ,CN
45.96.118.188,Chrome,Linux,07/Jul/2023:03:41:11 ,EG
9.68.74.167,Chrome,Mac OS,25/Jul/2023:04:41:11 ,US
132.174.63.2,Chrome,Mac OS,29/Jul/2023:12:41:11 ,US
151.91.231.202,Opera,Linux,26/Jul/2023:13:41:11 ,IT
39.143.107.33,Chrome,Mac OS,19/Jan/2023:18:41:11 ,CN
18.181.224.135,Chrome,Linux,11/Jan/2023:22:41:11 ,JP
34.194.106.120,Chrome,Windows,25/Jul/2023:22:41:11 ,US
70.142.17.192,Chrome,Linux,16/Jul/2023:21:41:11 ,US
70.142.17.192,Chrome,Mac OS,31/Jul/2023:10:41:11 ,US
70.142.17.192,Chrome,Mac OS,28/Jan/2023:08:41:11 ,US
178.163.102.169,Chrome,Other,16/Jul/2023:11:41:11 ,RU
70.142.17.192,Chrome,Mac OS,20/Jan/2023:09:41:11 ,US
159.196.90.132,Chrome,Mac OS,16/Jan/2023:05:41:11 ,AU
138.100.65.68,Opera,Linux,04/Jan/2023:01:41:11 ,ES
66.242.4.81,Chrome,Windows,25/Sep/2023:14:41:11 ,US
70.142.17.192,Opera,Linux,23/Jan/2023:15:41:11 ,US
59.174.235.164,Opera,Windows,18/Jan/2023:22:41:11 ,CN
166.251.54.144,Chrome,Other,12/Jan/2023:08:41:11 ,US
91.144.166.252,Opera,Windows,04/Jan/2023:08:41:11 ,RU
207.128.160.58,Chrome,Windows,25/Jan/2023:04:41:11 ,US
70.142.17.192,Chrome,Windows,07/Jan/2023:16:41:11 ,US
149.95.248.238,Chrome,Windows,17/Sep/2023:04:41:11 ,US
11.114.1.114,Chrome,Mac OS,29/Sep/2023:08:41:11 ,US
140.41.18.225,Chrome,Mac OS,07/Jul/2023:01:41:11 ,US
70.142.17.192,Chrome,Linux,25/Jul/2023:05:41:11 ,US
205.16.28.18,Chrome,Windows,20/Jul/2023:06:41:11 ,US
103.100.214.27,Chrome,Windows,22/Sep/2023:09:41:11 ,IN
70.142.17.192,Chrome,Windows,28/Jul/2023:04:41:11 ,US
90.170.147.148,Chrome,Windows,06/Jan/2023:04:41:11 ,ES
70.142.17.192,Chrome,Windows,28/Jan/2023:08:41:11 ,US
23.248.13.78,Chrome,Mac OS,22/Jan/2023:17:41:11 ,CA
199.72.253.210,Chrome,Mac OS,24/Sep/2023:04:41:11 ,US
201.164.254.194,Chrome,Windows,07/Jan/2023:13:41:11 ,MX
213.248.7.13,Opera,Linux,18/Sep/2023:05:41:11 ,RU
70.142.17.192,Chrome,Windows,01/Jan/2024:00:41:11 ,US
